severity,top_error_px,wrong_segment,wrong_material,player_x_q8,player_y_q8,angle,physical_column,actual_top,expected_top,actual_style,actual_face_key,actual_along,actual_segment,expected_axis,expected_material,expected_cell_x,expected_cell_y,expected_segment,pair_index,total_casts,edge_recasts,map_neighborhood
41.0,41.0,True,False,2688,2944,12,153,41,0.0,1,175,14,H:15:1-14:m1:N,1,1,10,12,H:12:7-10:m1:N,76,50,6,00010/11110/00P00/11100/00000
38.97575753067744,38.97575753067744,True,False,2688,2944,48,23,41,2.0242424693225587,1,175,14,H:15:1-14:m1:N,1,1,10,12,H:12:7-10:m1:N,11,47,4,00010/11110/00P00/11100/00000
38.36384989182971,38.36384989182971,True,False,3712,3200,116,6,0,38.36384989182971,5,46,12,V:14:10-12:m1:E,1,1,12,15,H:15:1-14:m1:N,3,44,2,0101#/0101#/01P1#/0001#/0001#
38.36384989182971,38.36384989182971,True,False,3200,3200,12,153,0,38.36384989182971,5,45,12,V:13:10-12:m1:W,1,1,14,15,H:15:1-14:m1:N,76,44,2,11010/00010/10P10/00000/00000
38.36384989182971,38.36384989182971,True,False,2944,3200,116,6,0,38.36384989182971,5,43,12,V:11:12-12:m1:E,1,1,9,15,H:15:1-14:m1:N,3,44,2,11101/00001/11P01/00000/00000
38.36384989182971,38.36384989182971,True,False,384,3200,12,153,0,38.36384989182971,5,34,12,V:2:12-12:m1:W,1,1,3,15,H:15:1-14:m1:N,76,44,2,#1011/#1000/#1P11/#1000/#1000
38.35868805365284,38.35868805365284,True,False,2688,2944,44,38,42,3.641311946347159,1,175,14,H:15:1-14:m1:N,1,1,10,12,H:12:7-10:m1:N,19,47,4,00010/11110/00P00/11100/00000
38.0,38.0,True,False,3456,3456,140,153,38,0.0,5,171,10,H:11:8-11:m1:S,1,1,13,12,H:13:13-13:m1:S,76,58,10,00101/00101/00P01/00001/11111
38.0,38.0,True,False,3392,3392,176,23,38,0.0,5,171,10,H:11:8-11:m1:S,1,1,13,12,H:13:13-13:m1:S,11,44,2,00101/00101/00P01/00001/11111
38.0,38.0,True,False,3392,3392,172,38,38,0.0,5,171,10,H:11:8-11:m1:S,1,1,13,12,H:13:13-13:m1:S,19,44,2,00101/00101/00P01/00001/11111
38.0,38.0,True,False,3392,3392,164,66,38,0.0,5,171,10,H:11:8-11:m1:S,1,1,13,12,H:13:13-13:m1:S,33,47,4,00101/00101/00P01/00001/11111
38.0,38.0,True,False,3392,3392,152,107,38,0.0,5,171,10,H:11:8-11:m1:S,1,1,13,12,H:13:13-13:m1:S,53,51,6,00101/00101/00P01/00001/11111
38.0,38.0,True,False,2752,3392,232,52,38,0.0,5,45,11,V:13:10-12:m1:W,1,1,10,12,H:13:2-10:m1:S,26,49,6,00000/11100/00P00/00000/11111
38.0,38.0,True,False,2752,3392,220,93,38,0.0,5,45,11,V:13:10-12:m1:W,1,1,10,12,H:13:2-10:m1:S,46,44,2,00000/11100/00P00/00000/11111
38.0,38.0,True,False,2752,3392,212,121,38,0.0,5,45,11,V:13:10-12:m1:W,1,1,10,12,H:13:2-10:m1:S,60,44,2,00000/11100/00P00/00000/11111
38.0,38.0,True,False,2752,3392,208,136,38,0.0,5,45,11,V:13:10-12:m1:W,1,1,10,12,H:13:2-10:m1:S,68,44,2,00000/11100/00P00/00000/11111
38.0,38.0,True,False,2688,3456,244,6,38,0.0,5,45,11,V:13:10-12:m1:W,1,1,10,12,H:13:2-10:m1:S,3,50,6,00000/11100/00P00/00000/11111
37.33525062120493,37.33525062120493,True,False,2688,2944,24,107,42,4.664749378795072,1,175,14,H:15:1-14:m1:N,1,1,10,12,H:12:7-10:m1:N,53,50,6,00010/11110/00P00/11100/00000
37.0,37.0,True,False,3392,3392,140,153,37,0.0,5,171,10,H:11:8-11:m1:S,1,1,13,12,H:13:13-13:m1:S,76,58,10,00101/00101/00P01/00001/11111
37.0,37.0,True,False,2752,3392,244,6,37,0.0,5,45,11,V:13:10-12:m1:W,1,1,10,12,H:13:2-10:m1:S,3,50,6,00000/11100/00P00/00000/11111
36.975757530677434,36.975757530677434,True,False,2688,3456,208,136,39,2.024242469322566,5,45,11,V:13:10-12:m1:W,1,1,10,12,H:13:2-10:m1:S,68,44,2,00000/11100/00P00/00000/11111
36.97575753067742,36.97575753067742,True,False,3456,3456,176,23,39,2.02424246932258,5,171,10,H:11:8-11:m1:S,1,1,13,12,H:13:13-13:m1:S,11,44,2,00101/00101/00P01/00001/11111
36.80484849386451,36.80484849386451,True,False,3712,3200,80,136,2,38.80484849386451,5,46,12,V:14:10-12:m1:E,1,1,12,15,H:15:1-14:m1:N,68,44,2,0101#/0101#/01P1#/0001#/0001#
36.80484849386451,36.80484849386451,True,False,3200,3200,48,23,2,38.80484849386451,5,45,12,V:13:10-12:m1:W,1,1,14,15,H:15:1-14:m1:N,11,44,2,11010/00010/10P10/00000/00000
36.80484849386451,36.80484849386451,True,False,2944,3200,80,136,2,38.80484849386451,5,43,12,V:11:12-12:m1:E,1,1,9,15,H:15:1-14:m1:N,68,44,2,11101/00001/11P01/00000/00000
36.80484849386451,36.80484849386451,True,False,384,3200,48,23,2,38.80484849386451,5,34,12,V:2:12-12:m1:W,1,1,3,15,H:15:1-14:m1:N,11,44,2,#1011/#1000/#1P11/#1000/#1000
36.63470901280643,36.63470901280643,True,False,2688,2944,36,66,42,5.365290987193568,1,175,14,H:15:1-14:m1:N,1,1,10,12,H:12:7-10:m1:N,33,50,6,00010/11110/00P00/11100/00000
35.47305819743872,35.47305819743872,True,False,3200,3200,36,66,4,39.47305819743872,5,45,12,V:13:10-12:m1:W,1,1,14,15,H:15:1-14:m1:N,33,44,2,11010/00010/10P10/00000/00000
35.47305819743872,35.47305819743872,True,False,384,3200,36,66,4,39.47305819743872,5,34,12,V:2:12-12:m1:W,1,1,3,15,H:15:1-14:m1:N,33,44,2,#1011/#1000/#1P11/#1000/#1000
35.47305819743871,35.47305819743871,True,False,3712,3200,92,93,4,39.47305819743871,5,46,12,V:14:10-12:m1:E,1,1,12,15,H:15:1-14:m1:N,46,44,2,0101#/0101#/01P1#/0001#/0001#
35.47305819743871,35.47305819743871,True,False,2944,3200,92,93,4,39.47305819743871,5,43,12,V:11:12-12:m1:E,1,1,9,15,H:15:1-14:m1:N,46,44,2,11101/00001/11P01/00000/00000
35.35868805365285,35.35868805365285,True,False,2688,3456,212,121,39,3.6413119463471517,5,45,11,V:13:10-12:m1:W,1,1,10,12,H:13:2-10:m1:S,60,44,2,00000/11100/00P00/00000/11111
35.35868805365284,35.35868805365284,True,False,3456,3456,172,38,39,3.641311946347159,5,171,10,H:11:8-11:m1:S,1,1,13,12,H:13:13-13:m1:S,19,44,2,00101/00101/00P01/00001/11111
35.33294987575901,35.33294987575901,True,False,3712,3200,104,52,4,39.33294987575901,5,46,12,V:14:10-12:m1:E,1,1,12,15,H:15:1-14:m1:N,26,44,2,0101#/0101#/01P1#/0001#/0001#
35.33294987575901,35.33294987575901,True,False,3200,3200,24,107,4,39.33294987575901,5,45,12,V:13:10-12:m1:W,1,1,14,15,H:15:1-14:m1:N,53,44,2,11010/00010/10P10/00000/00000
35.33294987575901,35.33294987575901,True,False,2944,3200,104,52,4,39.33294987575901,5,43,12,V:11:12-12:m1:E,1,1,9,15,H:15:1-14:m1:N,26,44,2,11101/00001/11P01/00000/00000
35.33294987575901,35.33294987575901,True,False,384,3200,24,107,4,39.33294987575901,5,34,12,V:2:12-12:m1:W,1,1,3,15,H:15:1-14:m1:N,53,44,2,#1011/#1000/#1P11/#1000/#1000
35.12826238926943,35.12826238926943,True,False,3712,3200,84,121,4,39.12826238926943,5,46,12,V:14:10-12:m1:E,1,1,12,15,H:15:1-14:m1:N,60,44,2,0101#/0101#/01P1#/0001#/0001#
35.12826238926943,35.12826238926943,True,False,3200,3200,44,38,4,39.12826238926943,5,45,12,V:13:10-12:m1:W,1,1,14,15,H:15:1-14:m1:N,19,44,2,11010/00010/10P10/00000/00000
35.12826238926943,35.12826238926943,True,False,2944,3200,84,121,4,39.12826238926943,5,43,12,V:11:12-12:m1:E,1,1,9,15,H:15:1-14:m1:N,60,44,2,11101/00001/11P01/00000/00000
35.12826238926943,35.12826238926943,True,False,384,3200,44,38,4,39.12826238926943,5,34,12,V:2:12-12:m1:W,1,1,3,15,H:15:1-14:m1:N,19,44,2,#1011/#1000/#1P11/#1000/#1000
34.33525062120493,34.33525062120493,True,False,2688,3456,232,52,39,4.664749378795072,5,45,11,V:13:10-12:m1:W,1,1,10,12,H:13:2-10:m1:S,26,50,6,00000/11100/00P00/00000/11111
34.33525062120492,34.33525062120492,True,False,3456,3456,152,107,39,4.664749378795079,5,171,10,H:11:8-11:m1:S,1,1,13,12,H:13:13-13:m1:S,53,50,6,00101/00101/00P01/00001/11111
33.634709012806425,33.634709012806425,True,False,2688,3456,220,93,39,5.365290987193575,5,45,11,V:13:10-12:m1:W,1,1,10,12,H:13:2-10:m1:S,46,44,2,00000/11100/00P00/00000/11111
33.63470901280642,33.63470901280642,True,False,3456,3456,164,66,39,5.365290987193582,5,171,10,H:11:8-11:m1:S,1,1,13,12,H:13:13-13:m1:S,33,47,4,00101/00101/00P01/00001/11111
32.0,32.0,True,False,3456,3456,244,6,32,0.0,5,47,12,V:15:1-14:m1:W,1,1,13,12,H:13:13-13:m1:S,3,44,2,00101/00101/00P01/00001/11111
32.0,32.0,True,False,640,3456,140,153,32,0.0,5,33,12,V:1:9-14:m1:E,1,1,2,12,H:13:2-10:m1:S,76,44,2,10000/10111/10P00/10000/11111
32.0,32.0,True,False,2944,2944,244,6,32,0.0,5,45,10,V:13:10-12:m1:W,1,1,11,10,H:11:8-11:m1:S,3,44,2,00100/11101/00P01/11001/00000
32.0,32.0,True,False,2176,2944,140,153,32,0.0,5,39,10,V:7:9-11:m1:E,1,1,8,10,H:11:8-11:m1:S,76,44,2,10000/10111/10P00/11111/00000
32.0,32.0,True,False,1152,2944,244,6,32,0.0,5,38,10,V:6:8-11:m1:W,1,1,4,10,H:11:2-4:m1:S,3,44,2,00101/11101/00P01/11111/00000
32.0,32.0,True,False,640,2944,140,153,32,0.0,5,33,10,V:1:9-14:m1:E,1,1,2,10,H:11:2-4:m1:S,76,44,2,10001/10111/10P00/10111/10000
32.0,32.0,True,False,640,2944,116,6,32,0.0,5,33,12,V:1:9-14:m1:E,1,1,2,12,H:12:2-5:m1:N,3,44,2,10001/10111/10P00/10111/10000
32.0,32.0,True,False,3456,2432,244,6,32,0.0,5,47,8,V:15:1-14:m1:W,1,1,13,8,H:9:12-13:m1:S,3,44,2,10001/11101/10P01/10101/00101
32.0,32.0,True,False,3456,2432,116,6,32,0.0,5,44,10,V:12:9-10:m1:E,1,1,13,10,H:10:13-13:m1:N,3,44,2,10001/11101/10P01/10101/00101
32.0,32.0,True,False,3456,2432,12,153,32,0.0,5,47,10,V:15:1-14:m1:W,1,1,13,10,H:10:13-13:m1:N,76,44,2,10001/11101/10P01/10101/00101
32.0,32.0,True,False,2432,2432,244,6,32,0.0,5,43,8,V:11:3-9:m1:W,1,1,9,8,H:9:7-9:m1:S,3,44,2,00001/11101/00P01/01111/00000
32.0,32.0,True,False,2176,2432,116,6,32,0.0,5,39,10,V:7:9-11:m1:E,1,1,8,10,H:10:8-10:m1:N,3,44,2,00000/11110/10P00/10111/10000
32.0,32.0,True,False,640,2432,244,6,32,0.0,5,36,8,V:4:6-9:m1:W,1,1,2,8,H:9:1-2:m1:S,3,44,2,10001/11101/10P01/10111/10000
32.0,32.0,True,False,640,2432,116,6,32,0.0,5,33,10,V:1:9-14:m1:E,1,1,2,10,H:10:2-3:m1:N,3,44,2,10001/11101/10P01/10111/10000
32.0,32.0,True,False,3456,1920,244,6,32,0.0,5,47,6,V:15:1-14:m1:W,1,1,13,6,H:7:13-13:m1:S,3,44,2,10101/10101/10P01/11101/10001
32.0,32.0,True,False,3456,1920,140,153,32,0.0,5,44,6,V:12:2-7:m1:E,1,1,13,6,H:7:13-13:m1:S,76,44,2,10101/10101/10P01/11101/10001
32.0,32.0,True,False,3456,1920,12,153,32,0.0,5,47,8,V:15:1-14:m1:W,1,1,13,8,H:8:12-13:m1:N,76,44,2,10101/10101/10P01/11101/10001
32.0,32.0,True,False,2432,1920,244,6,32,0.0,5,43,6,V:11:3-9:m1:W,1,1,9,6,H:7:5-9:m1:S,3,44,2,00001/11101/00P01/11101/00001
32.0,32.0,True,False,2432,1920,12,153,32,0.0,5,43,8,V:11:3-9:m1:W,1,1,9,8,H:8:6-9:m1:N,76,44,2,00001/11101/00P01/11101/00001
